id,text
1879190018574745605,"RT @NEYU4INDIA: ‡§Ö‡§Ç‡§ó‡•ç‡§∞‡•á‡§ú‡•ã‡§Ç ‡§®‡•á ‡§∂‡§π‡•Ä‡§¶ ‡§≠‡§ó‡§§ ‡§∏‡§ø‡§Ç‡§π ‡§ú‡•Ä ‡§ï‡•ã ‡§Ü‡§§‡§Ç‡§ï‡§µ‡§æ‡§¶‡•Ä ‡§¨‡•ã‡§≤‡§æ ‡§•‡§æ,‡§Ö‡§¨ ‡§§‡§æ‡§®‡§æ‡§∂‡§æ‡§π‡•Ä ‡§∂‡§æ‡§∏‡§® ‡§®‡•á ‡§õ‡§æ‡§§‡•ç‡§∞‡•ã‡§Ç ‡§ï‡•á ‡§π‡§ï ‡§ï‡•á ‡§≤‡§ø‡§è ‡§Ü‡§Ç‡§¶‡•ã‡§≤‡§® ‡§ï‡§∞‡§®‡•á ‡§™‡§∞ NEYU ‡§ï‡•á @Radhejat‚Ä¶"
1879190018520223915,@narendramodi Excellent arrangement!
1879190015584154031,"RT @annamalai_k: Our Hon Minister of Commerce &amp; Industry Thiru @PiyushGoyal avl, in Thuglak magazine‚Äôs 55th annual function, shared with th‚Ä¶"
1879190014833369311,@AmitShah @narendramodi Congratulations..üôèüèª
1879190012857819616,"RT @visrane: Hon'ble PM Shri @narendramodi ji graces the 150th Foundation Day celebrations of the India Meteorological Department.

Watch L‚Ä¶"
1879190012597788892,"RT @narendramodi: Yesterday, I took part in a very memorable Sankranti and Pongal programme. May this festival strengthen the bonds of toge‚Ä¶"
1879190011587014764,RT @narendramodi: ‡§π‡§Æ‡§®‡•á Disaster Management ‡§Æ‡•á‡§Ç ‡§Æ‡•å‡§∏‡§Æ ‡§µ‡§ø‡§ú‡•ç‡§û‡§æ‡§® ‡§ï‡•Ä ‡§Ö‡§π‡§Æ‡§ø‡§Ø‡§§ ‡§ï‡•ã ‡§∏‡§Æ‡§ù‡§æ ‡§π‡•à ‡§î‡§∞ ‡§Ø‡§π‡•Ä ‡§µ‡§ú‡§π ‡§π‡•à ‡§ï‡§ø ‡§Ü‡§ú ‡§π‡§Æ ‡§Ü‡§™‡§¶‡§æ‡§ì‡§Ç ‡§∏‡•á ‡§î‡§∞ ‡§¨‡•á‡§π‡§§‡§∞ ‡§§‡§∞‡•Ä‡§ï‡•á ‡§∏‡•á ‡§®‡§ø‡§™‡§ü ‡§∞‚Ä¶
1879190011511533598,"RT @narendramodi: ‡§¶‡•á‡§∂‡§µ‡§æ‡§∏‡§ø‡§Ø‡•ã‡§Ç ‡§ï‡§æ ‡§ú‡•Ä‡§µ‡§® ‡§Ü‡§∏‡§æ‡§® ‡§¨‡§® ‡§∏‡§ï‡•á ‡§î‡§∞ ‡§â‡§®‡•ç‡§π‡•á‡§Ç ‡§Æ‡•å‡§∏‡§Æ ‡§ï‡•Ä ‡§∏‡§ü‡•Ä‡§ï ‡§ú‡§æ‡§®‡§ï‡§æ‡§∞‡•Ä ‡§Æ‡§ø‡§≤‡•á, ‡§π‡§Æ‡§æ‡§∞‡§æ ‡§Æ‡•å‡§∏‡§Æ ‡§µ‡§ø‡§≠‡§æ‡§ó ‡§á‡§∏‡•Ä ‡§≤‡§ï‡•ç‡§∑‡•ç‡§Ø ‡§ï‡•ã ‡§≤‡•á‡§ï‡§∞ ‡§Ü‡§ó‡•á ‡§¨‡§¢‡§º ‡§∞‡§π‡§æ ‡§π‡•à‡•§ h‚Ä¶"
1879190010769137829,"RT @HardeepSPuri: ‡§ï‡§ø‡§§‡§®‡•Ä ‡§ñ‡§º‡•Ç‡§¨‡§∏‡•Ç‡§∞‡§§ ‡§Ø‡•á ‡§§‡§∏‡•ç‡§µ‡•Ä‡§∞ ‡§π‡•à!

Sonamarg Tunnel inaugurated by PM @narendramodi Ji today.

#KashmirOnTheRise 
#SonamargTunn‚Ä¶"
1879190010643280321,RT @narendramodi: ‡§π‡§∞ ‡§∏‡•Å‡§ñ-‡§¶‡•Å‡§ñ ‡§Æ‡•á‡§Ç ‡§∏‡§æ‡§• ‡§∞‡§π‡§®‡•á ‡§ï‡•Ä ‡§π‡§Æ‡§æ‡§∞‡•Ä ‡§™‡§∞‡§Ç‡§™‡§∞‡§æ ‡§≠‡§æ‡§∞‡§§ ‡§î‡§∞ ‡§ï‡•Å‡§µ‡•à‡§§ ‡§ï‡•á ‡§Ü‡§™‡§∏‡•Ä ‡§≠‡§∞‡•ã‡§∏‡•á ‡§ï‡•Ä ‡§¨‡•Å‡§®‡§ø‡§Ø‡§æ‡§¶ ‡§π‡•à‡•§ https://t.co/0DvCasky2e
